<?xml version="1.0" encoding="UTF-8"?>
<config date="1591177074762" transient="false" version="3.0">
<site enabled="true" policy="USER-EXCLUDE" updateable="true" url="platform:/base/">
<feature id="org.eclipse.equinox.p2.user.ui" url="features/org.eclipse.equinox.p2.user.ui_2.4.700.v20200222-1600/" version="2.4.700.v20200222-1600">
</feature>
<feature id="org.eclipse.emf.ecore" url="features/org.eclipse.emf.ecore_2.21.0.v20200127-1342/" version="2.21.0.v20200127-1342">
</feature>
<feature id="org.eclipse.help" plugin-identifier="org.eclipse.help.base" url="features/org.eclipse.help_2.3.100.v20200305-0155/" version="2.3.100.v20200305-0155">
</feature>
<feature id="org.eclipse.jgit.http.apache" url="features/org.eclipse.jgit.http.apache_5.7.0.202003110725-r/" version="5.7.0.202003110725-r">
</feature>
<feature id="org.eclipse.equinox.p2.extras.feature" url="features/org.eclipse.equinox.p2.extras.feature_1.4.700.v20200221-1022/" version="1.4.700.v20200221-1022">
</feature>
<feature id="org.eclipse.jgit.ssh.apache" url="features/org.eclipse.jgit.ssh.apache_5.7.0.202003110725-r/" version="5.7.0.202003110725-r">
</feature>
<feature id="org.eclipse.ecf.filetransfer.httpclient45.feature" url="features/org.eclipse.ecf.filetransfer.httpclient45.feature_1.0.300.v20200217-0016/" version="1.0.300.v20200217-0016">
</feature>
<feature id="org.eclipse.rcp" url="features/org.eclipse.rcp_4.15.0.v20200305-0155/" version="4.15.0.v20200305-0155">
</feature>
<feature id="org.eclipse.equinox.p2.core.feature" url="features/org.eclipse.equinox.p2.core.feature_1.6.500.v20200221-1022/" version="1.6.500.v20200221-1022">
</feature>
<feature id="org.eclipse.ecf.core.feature" url="features/org.eclipse.ecf.core.feature_1.5.500.v20200217-1548/" version="1.5.500.v20200217-1548">
</feature>
<feature id="org.eclipse.emf.common" url="features/org.eclipse.emf.common_2.18.0.v20191225-1014/" version="2.18.0.v20191225-1014">
</feature>
<feature id="org.eclipse.jgit" url="features/org.eclipse.jgit_5.7.0.202003110725-r/" version="5.7.0.202003110725-r">
</feature>
<feature id="org.eclipse.equinox.p2.rcp.feature" url="features/org.eclipse.equinox.p2.rcp.feature_1.4.700.v20200222-1600/" version="1.4.700.v20200222-1600">
</feature>
<feature id="org.eclipse.ecf.filetransfer.feature" url="features/org.eclipse.ecf.filetransfer.feature_3.14.700.v20200217-0016/" version="3.14.700.v20200217-0016">
</feature>
<feature id="org.eclipse.egit" url="features/org.eclipse.egit_5.7.0.202003110725-r/" version="5.7.0.202003110725-r">
</feature>
<feature id="org.eclipse.ecf.core.ssl.feature" url="features/org.eclipse.ecf.core.ssl.feature_1.1.300.v20191023-2007/" version="1.1.300.v20191023-2007">
</feature>
<feature id="org.eclipse.ecf.filetransfer.ssl.feature" url="features/org.eclipse.ecf.filetransfer.ssl.feature_1.1.200.v20191024-1546/" version="1.1.200.v20191024-1546">
</feature>
<feature id="org.eclipse.platform" url="features/org.eclipse.platform_4.15.0.v20200305-0155/" version="4.15.0.v20200305-0155">
</feature>
<feature id="taqmac" url="features/taqmac_1.0.0.202006030921/" version="1.0.0.202006030921">
</feature>
<feature id="org.eclipse.e4.rcp" url="features/org.eclipse.e4.rcp_4.15.0.v20200304-0601/" version="4.15.0.v20200304-0601">
</feature>
</site>
</config>
